{
  "SUPABASE_URL": "https://pgphdebimaojruxkcvsp.supabase.co",
  "SUPABASE_ANON_KEY": "eyJhbGciOiJIUzI1NiIsInR5cCI6IkpXVCJ9.eyJpc3MiOiJzdXBhYmFzZSIsInJlZiI6InBncGhkZWJpbWFvanJ1eGtjdnNwIiwicm9sZSI6ImFub24iLCJpYXQiOjE3NTA5NzkzNTgsImV4cCI6MjA2NjU1NTM1OH0.GANfM1iDxGCuH1nM-rgAxKFohamVZ9TNswyUX5ucy_4",
  "OPENAI_API_KEY": "your-openai-api-key-here",
  "GEMINI_API_KEY": "your-gemini-api-key-here",
  "ANTHROPIC_API_KEY": "your-anthropic-api-key-here",
  "PERPLEXITY_API_KEY": "your-perplexity-api-key-here",
  "STRIPE_API_KEY": "your-stripe-api-key-here",
  "RESEND_API_KEY": "your-resend-api-key-here"
}